<?xml version="1.0" encoding="UTF-8"?>
<project-private xmlns="http://www.netbeans.org/ns/project-private/1">
    <editor-bookmarks xmlns="http://www.netbeans.org/ns/editor-bookmarks/2" lastBookmarkId="0"/>
    <open-files xmlns="http://www.netbeans.org/ns/projectui-open-files/2">
        <group>
            <file>file:/C:/Users/20105070/Desktop/L0TTLE/LOTTLE/public_html/style.css</file>
            <file>file:/C:/Users/20105070/Desktop/L0TTLE/LOTTLE/public_html/history.html</file>
            <file>file:/C:/Users/20105070/Desktop/L0TTLE/LOTTLE/public_html/instructions.html</file>
            <file>file:/C:/Users/20105070/Desktop/L0TTLE/LOTTLE/public_html/script.js</file>
            <file>file:/C:/Users/20105070/Desktop/L0TTLE/LOTTLE/public_html/database.js</file>
            <file>file:/C:/Users/20105070/Desktop/L0TTLE/LOTTLE/public_html/generate.html</file>
        </group>
    </open-files>
</project-private>
